journal,title,year,doi,url,has_keyword
Scientometrics,Forecasting emerging technologies using data augmentation and deep learning,2020,https://doi.org/10.1007/s11192-020-03351-6,https://openalex.org/W3002882006,True
Scientometrics,How much is too much? The difference between research influence and self-citation excess,2020,https://doi.org/10.1007/s11192-020-03417-5,https://openalex.org/W3015626609,True
Scientometrics,"Covid-19 pandemic and the unprecedented mobilisation of scholarly efforts prompted by a health crisis: Scientometric comparisons across SARS, MERS and 2019-nCoV literature",2020,https://doi.org/10.1007/s11192-020-03706-z,https://openalex.org/W3104173542,True
Scientometrics,Understanding the temporal evolution of COVID-19 research through machine learning and natural language processing,2020,https://doi.org/10.1007/s11192-020-03744-7,https://openalex.org/W3103462848,True
Scientometrics,PatentNet: multi-label classification of patent documents using deep learning based language understanding,2021,https://doi.org/10.1007/s11192-021-04179-4,https://openalex.org/W4200211261,True
Scientometrics,"Music information visualization and classical composers discovery: an application of network graphs, multidimensional scaling, and support vector machines",2022,https://doi.org/10.1007/s11192-022-04331-8,https://openalex.org/W4221058759,True
Scientometrics,"What is research funding, how does it influence research, and how is it recorded? Key dimensions of variation",2023,https://doi.org/10.1007/s11192-023-04836-w,https://openalex.org/W4386801024,True
Scientometrics,"The indexation of retracted literature in seven principal scholarly databases: a coverage comparison of dimensions, OpenAlex, PubMed, Scilit, Scopus, The Lens and Web of Science",2024,https://doi.org/10.1007/s11192-024-05034-y,https://openalex.org/W4400136542,True
Scientometrics,Disentangling patent quality: using a large language model for a systematic literature review,2025,https://doi.org/10.1007/s11192-024-05206-w,https://openalex.org/W4406255460,True
Scientometrics,A deep learning based method for extracting semantic information from patent documents,2020,https://doi.org/10.1007/s11192-020-03634-y,https://openalex.org/W3044968736,True
Scientometrics,Evolution of research topics in LIS between 1996 and 2019: an analysis based on latent Dirichlet allocation topic model,2020,https://doi.org/10.1007/s11192-020-03721-0,https://openalex.org/W3092336047,True
Scientometrics,Do open access journal articles experience a citation advantage? Results and methodological reflections of an application of multiple measures to an analysis by WoS subject areas,2020,https://doi.org/10.1007/s11192-020-03734-9,https://openalex.org/W3093872269,True
Scientometrics,A decade of in-text citation analysis based on natural language processing and machine learning techniques: an overview of empirical studies,2021,https://doi.org/10.1007/s11192-021-04055-1,https://openalex.org/W3173450924,True
Scientometrics,User engagement with scholarly tweets of scientific papers: a large-scale and cross-disciplinary analysis,2022,https://doi.org/10.1007/s11192-022-04468-6,https://openalex.org/W4286383293,True
Scientometrics,"Mapping the sustainable development goals (SDGs) in science, technology and innovation: application of machine learning in SDG-oriented artefact detection",2022,https://doi.org/10.1007/s11192-022-04358-x,https://openalex.org/W4226397061,True
Scientometrics,Measuring the influence of non-scientific features on citations,2022,https://doi.org/10.1007/s11192-022-04421-7,https://openalex.org/W4281696663,True
Scientometrics,"Machine learning and artificial intelligence for science, technology, innovation mapping and forecasting: Review, synthesis, and applications",2023,https://doi.org/10.1007/s11192-022-04628-8,https://openalex.org/W4317718093,True
Scientometrics,Ukrainian universities in QS World University Rankings: when the means become ends,2025,https://doi.org/10.1007/s11192-024-05165-2,https://openalex.org/W4406884622,True
Scientometrics,The influence of grant renewal on research content: evidence from NIH-funded PIs,2025,https://doi.org/10.1007/s11192-025-05295-1,https://openalex.org/W4409828432,True
Scientometrics,Patent document clustering with deep embeddings,2020,https://doi.org/10.1007/s11192-020-03396-7,https://openalex.org/W3013023945,True
Scientometrics,Evaluating human versus machine learning performance in classifying research abstracts,2020,https://doi.org/10.1007/s11192-020-03614-2,https://openalex.org/W3043669475,True
Scientometrics,"Topic evolution, disruption and resilience in early COVID-19 research",2021,https://doi.org/10.1007/s11192-021-03946-7,https://openalex.org/W3136674474,True
Scientometrics,Research ethics: a profile of retractions from world class universities,2021,https://doi.org/10.1007/s11192-021-03987-y,https://openalex.org/W3164515576,True
Scientometrics,A deep learning framework to early identify emerging technologies in large-scale outlier patents: an empirical study of CNC machine tool,2021,https://doi.org/10.1007/s11192-020-03797-8,https://openalex.org/W3119937747,True
Scientometrics,Anticipating multi-technology convergence: a machine learning approach using patent information,2021,https://doi.org/10.1007/s11192-020-03842-6,https://openalex.org/W3127080099,True
Scientometrics,Enhancing citation recommendation using citation network embedding,2022,https://doi.org/10.1007/s11192-021-04196-3,https://openalex.org/W4206089953,True
Scientometrics,The influence of research collaboration on citation impact: the countries in the European Innovation Scoreboard,2023,https://doi.org/10.1007/s11192-023-04715-4,https://openalex.org/W4381461412,True
Scientometrics,Collaboration and its influence on retraction based on retracted publications during 1978–2017,2020,https://doi.org/10.1007/s11192-020-03636-w,https://openalex.org/W3046679509,True
Scientometrics,Knowledge structure transition in library and information science: topic modeling and visualization,2020,https://doi.org/10.1007/s11192-020-03657-5,https://openalex.org/W3048633946,True
Scientometrics,"unarXive: a large scholarly data set with publications’ full-text, annotated in-text citations, and links to metadata",2020,https://doi.org/10.1007/s11192-020-03382-z,https://openalex.org/W3009242205,True
Scientometrics,Math-word embedding in math search and semantic extraction,2020,https://doi.org/10.1007/s11192-020-03502-9,https://openalex.org/W3034717099,True
Scientometrics,Does corresponding authorship influence scientific impact in collaboration: Brazilian institutions as a case of study,2020,https://doi.org/10.1007/s11192-020-03655-7,https://openalex.org/W3047095848,True
Scientometrics,Identifying emerging technologies to envision a future innovation ecosystem: A machine learning approach to patent data,2021,https://doi.org/10.1007/s11192-021-04001-1,https://openalex.org/W3163509381,True
Scientometrics,A knowledge graph embeddings based approach for author name disambiguation using literals,2022,https://doi.org/10.1007/s11192-022-04426-2,https://openalex.org/W4283791844,True
Scientometrics,Combining machine learning and main path analysis to identify research front: from the perspective of science-technology linkage,2022,https://doi.org/10.1007/s11192-022-04443-1,https://openalex.org/W4283644567,True
Scientometrics,Priorities of health research in India: evidence of misalignment between research outputs and disease burden,2024,https://doi.org/10.1007/s11192-024-04980-x,https://openalex.org/W4392654532,True
Scientometrics,GAN-CITE: leveraging semi-supervised generative adversarial networks for citation function classification with limited data,2025,https://doi.org/10.1007/s11192-025-05233-1,https://openalex.org/W4406918849,True
Scientometrics,Exploring citation diversity in scholarly literature: an entropy-based approach,2025,https://doi.org/10.1007/s11192-025-05313-2,https://openalex.org/W4409592384,True
Scientometrics,Mapping the unseen in practice: comparing latent Dirichlet allocation and BERTopic for navigating topic spaces,2025,https://doi.org/10.1007/s11192-025-05339-6,https://openalex.org/W4411174920,True
Scientometrics,Academic influence and invisible colleges through editorial board interlocking in communication sciences: a social network analysis of leading journals,2020,https://doi.org/10.1007/s11192-020-03401-z,https://openalex.org/W3007474713,True
Scientometrics,Do journals flipping to gold open access show an OA citation or publication advantage?,2020,https://doi.org/10.1007/s11192-020-03546-x,https://openalex.org/W3035005301,True
Scientometrics,"Review and analysis of publications on scientific mobility: assessment of influence, motivation, and trends",2020,https://doi.org/10.1007/s11192-020-03515-4,https://openalex.org/W3033691419,True
Scientometrics,Recommendation system for technology convergence opportunities based on self-supervised representation learning,2020,https://doi.org/10.1007/s11192-020-03731-y,https://openalex.org/W3095110579,True
Scientometrics,Predicting future technological convergence patterns based on machine learning using link prediction,2021,https://doi.org/10.1007/s11192-021-03999-8,https://openalex.org/W3163141190,True
Scientometrics,"Deep learning, deep change? Mapping the evolution and geography of a general purpose technology",2021,https://doi.org/10.1007/s11192-021-03936-9,https://openalex.org/W3149137030,True
Scientometrics,A novel hybrid paper recommendation system using deep learning,2022,https://doi.org/10.1007/s11192-022-04420-8,https://openalex.org/W4281969512,True
Scientometrics,Ten reasons why research collaborations succeed—a random forest approach,2023,https://doi.org/10.1007/s11192-022-04629-7,https://openalex.org/W4313814259,True
Scientometrics,Prediction of patent grant and interpreting the key determinants: an application of interpretable machine learning approach,2023,https://doi.org/10.1007/s11192-023-04736-z,https://openalex.org/W4381743706,True
Scientometrics,Exploring the determinants of research performance for early-career researchers: a literature review,2023,https://doi.org/10.1007/s11192-023-04868-2,https://openalex.org/W4388775210,True
Scientometrics,Measuring knowledge flow in the interdisciplinary field of biosecurity: full counting method or fractional counting method?,2025,https://doi.org/10.1007/s11192-025-05249-7,https://openalex.org/W4407331417,True
Scientometrics,A comparison of citation-based clustering and topic modeling for science mapping,2025,https://doi.org/10.1007/s11192-025-05324-z,https://openalex.org/W4409809050,True
Scientometrics,How lonely or influential is the Lone Wolf? An analysis of individual scholars’ solo-authorship dynamics,2025,https://doi.org/10.1007/s11192-025-05332-z,https://openalex.org/W4410092270,True
Scientometrics,"Research quality evaluation by AI in the era of large language models: advantages, disadvantages, and systemic effects – An opinion paper",2025,https://doi.org/10.1007/s11192-025-05361-8,https://openalex.org/W4412684458,True
Scientometrics,The world-systemic network of global elite sociology: the western male monoculture at faculties of the top one-hundred sociology departments of the world,2020,https://doi.org/10.1007/s11192-020-03563-w,https://openalex.org/W3036497540,True
Scientometrics,Automatic document screening of medical literature using word and text embeddings in an active learning setting,2020,https://doi.org/10.1007/s11192-020-03648-6,https://openalex.org/W3083306642,True
Scientometrics,Does newspapers coverage influence the citations count of scientific publications? An analysis of biomedical studies,2020,https://doi.org/10.1007/s11192-020-03380-1,https://openalex.org/W3007099649,True
Scientometrics,Can tweets be used to detect problems early with scientific papers? A case study of three retracted COVID-19/SARS-CoV-2 papers,2021,https://doi.org/10.1007/s11192-021-03962-7,https://openalex.org/W3158277584,True
Scientometrics,"Standard-relevant publications: evidence, processes and influencing factors",2021,https://doi.org/10.1007/s11192-021-04210-8,https://openalex.org/W4200201942,True
Scientometrics,Application of k-means clustering algorithm to improve effectiveness of the results recommended by journal recommender system,2022,https://doi.org/10.1007/s11192-022-04397-4,https://openalex.org/W4281249277,True
Scientometrics,System dynamic analysis on industry-university-research institute synergetic innovation process based on knowledge flow,2022,https://doi.org/10.1007/s11192-021-04244-y,https://openalex.org/W4206546632,True
Scientometrics,Identification of topic evolution: network analytics with piecewise linear representation and word embedding,2022,https://doi.org/10.1007/s11192-022-04273-1,https://openalex.org/W4210388738,True
Scientometrics,The high scholarly value of grey literature before and during Covid-19,2022,https://doi.org/10.1007/s11192-022-04398-3,https://openalex.org/W4281252345,True
Scientometrics,When a journal is both at the ‘top’ and the ‘bottom’: the illogicality of conflating citation-based metrics with quality,2022,https://doi.org/10.1007/s11192-022-04402-w,https://openalex.org/W4281558941,True
Scientometrics,Partners’ partners matter: the effect of partners’ centrality diversity on the focal organization’s innovation outputs,2023,https://doi.org/10.1007/s11192-023-04637-1,https://openalex.org/W4318458104,True
Scientometrics,Formulation of rules for the scientific community using deep learning,2023,https://doi.org/10.1007/s11192-023-04633-5,https://openalex.org/W4318595768,True
Scientometrics,"More diversity, more complexity, but more flexibility: research article titles in TESOL Quarterly, 1967–2022",2023,https://doi.org/10.1007/s11192-023-04738-x,https://openalex.org/W4377013288,True
Scientometrics,Can open access increase LIS research’s policy impact? Using regression analysis and causal inference,2023,https://doi.org/10.1007/s11192-023-04750-1,https://openalex.org/W4378836250,True
Scientometrics,Publish and flourish: investigating publication requirements for PhD students in China,2023,https://doi.org/10.1007/s11192-023-04854-8,https://openalex.org/W4388106222,True
Scientometrics,Authorship conflicts in academia: an international cross-discipline survey,2024,https://doi.org/10.1007/s11192-024-04972-x,https://openalex.org/W4393357862,True
Scientometrics,Research on classification and similarity of patent citation based on deep learning,2020,https://doi.org/10.1007/s11192-020-03385-w,https://openalex.org/W3007096683,True
Scientometrics,Destructive leadership in organizational research: a bibliometric approach,2020,https://doi.org/10.1007/s11192-020-03621-3,https://openalex.org/W3044372694,True
Scientometrics,Does monetary support increase citation impact of scholarly papers?,2020,https://doi.org/10.1007/s11192-020-03688-y,https://openalex.org/W2974592273,True
Scientometrics,Open innovation from the perspective of network embedding: knowledge evolution and development trend,2020,https://doi.org/10.1007/s11192-020-03520-7,https://openalex.org/W3026496739,True
Scientometrics,Reflections on and a short review of the science of team science,2020,https://doi.org/10.1007/s11192-020-03513-6,https://openalex.org/W3027913374,True
Scientometrics,Is there a golden age in publication activity?—an analysis of age-related scholarly performance across all scientific disciplines,2020,https://doi.org/10.1007/s11192-020-03501-w,https://openalex.org/W3024223041,True
Scientometrics,An exploration on the flow of leading research talents in China: from the perspective of distinguished young scholars,2020,https://doi.org/10.1007/s11192-020-03562-x,https://openalex.org/W3043218509,True
Scientometrics,Identification of promising inventions considering the quality of knowledge accumulation: a machine learning approach,2020,https://doi.org/10.1007/s11192-020-03710-3,https://openalex.org/W3088436075,True
Scientometrics,Do main paths reflect technological trajectories? Applying main path analysis to the semiconductor manufacturing industry,2021,https://doi.org/10.1007/s11192-021-04023-9,https://openalex.org/W3177345070,True
Scientometrics,China’s technological performance as reflected in patents,2021,https://doi.org/10.1007/s11192-021-04193-6,https://openalex.org/W3214479760,True
Scientometrics,A two-stage deep learning-based system for patent citation recommendation,2022,https://doi.org/10.1007/s11192-022-04301-0,https://openalex.org/W4220917914,True
Scientometrics,Does early publishing in top journals really predict long-term scientific success in the business field?,2022,https://doi.org/10.1007/s11192-022-04509-0,https://openalex.org/W4297903111,True
Scientometrics,Influence of research on open science in the public policy sphere,2023,https://doi.org/10.1007/s11192-023-04645-1,https://openalex.org/W4319159496,True
Scientometrics,Reverse adoption of information and communication technology among organisers of academic conferences,2023,https://doi.org/10.1007/s11192-022-04616-y,https://openalex.org/W4321617974,True
Scientometrics,The role of inter- and intra-organisational networks in innovation: towards requisite variety,2023,https://doi.org/10.1007/s11192-023-04748-9,https://openalex.org/W4377822507,True
Scientometrics,Early discovery of emerging multi-technology convergence for analyzing technology opportunities from patent data: the case of smart health,2023,https://doi.org/10.1007/s11192-023-04760-z,https://openalex.org/W4380904831,True
Scientometrics,The influence of geopolitics on research activity and international collaboration in science: the case of Russia,2024,https://doi.org/10.1007/s11192-024-04984-7,https://openalex.org/W4394743467,True
Scientometrics,The scientometrics and reciprocality underlying co-authorship panels in Google Scholar profiles,2024,https://doi.org/10.1007/s11192-024-05026-y,https://openalex.org/W4399044877,True
Scientometrics,Using word embedding to detect keywords in texts modeled as complex networks,2024,https://doi.org/10.1007/s11192-024-05055-7,https://openalex.org/W4399471897,True
Scientometrics,Women’s strength in science: exploring the influence of female participation on research impact and innovation,2024,https://doi.org/10.1007/s11192-024-05089-x,https://openalex.org/W4400136398,True
Scientometrics,Exploring the influence of factors causing stress among doctoral students by combining fuzzy DEMATEL-ANP with a triangular approach,2024,https://doi.org/10.1007/s11192-024-05108-x,https://openalex.org/W4400867609,True
Scientometrics,Exploiting word embedding for heterogeneous topic model towards patent recommendation,2020,https://doi.org/10.1007/s11192-020-03666-4,https://openalex.org/W3062383798,True
Scientometrics,Developing a risk-adaptive technology roadmap using a Bayesian network and topic modeling under deep uncertainty,2021,https://doi.org/10.1007/s11192-021-03945-8,https://openalex.org/W3137822262,True
Scientometrics,"Societal impact of university research in the written press: media attention in the context of SIUR and the open science agenda among social scientists in Flanders, Belgium",2022,https://doi.org/10.1007/s11192-022-04374-x,https://openalex.org/W4224951325,True
Scientometrics,Discovering temporal scientometric knowledge in COVID-19 scholarly production,2022,https://doi.org/10.1007/s11192-021-04260-y,https://openalex.org/W4205852026,True
Scientometrics,Organization-oriented technology opportunities analysis based on predicting patent networks: a case of Alzheimer’s disease,2022,https://doi.org/10.1007/s11192-021-04219-z,https://openalex.org/W4205942527,True
Scientometrics,Why was this cited? Explainable machine learning applied to COVID-19 research literature,2022,https://doi.org/10.1007/s11192-022-04314-9,https://openalex.org/W4224285714,True
Scientometrics,Exploring the antecedents of interdisciplinarity at the European Research Council: a topic modeling approach,2022,https://doi.org/10.1007/s11192-022-04368-9,https://openalex.org/W4293238168,True
Scientometrics,A comparative analysis of local similarity metrics and machine learning approaches: application to link prediction in author citation networks,2022,https://doi.org/10.1007/s11192-022-04484-6,https://openalex.org/W4297272069,True
Scientometrics,An embedding approach for analyzing the evolution of research topics with a case study on computer science subdomains,2023,https://doi.org/10.1007/s11192-023-04642-4,https://openalex.org/W4318592270,True
Scientometrics,"Biases in scholarly recommender systems: impact, prevalence, and mitigation",2023,https://doi.org/10.1007/s11192-023-04636-2,https://openalex.org/W4328127920,True
Scientometrics,How can policy document mentions to scholarly papers be interpreted? An analysis of the underlying mentioning process,2023,https://doi.org/10.1007/s11192-023-04826-y,https://openalex.org/W4387425145,True
Scientometrics,CFMf topic-model: comparison with LDA and Top2Vec,2024,https://doi.org/10.1007/s11192-024-05017-z,https://openalex.org/W4396237870,True
Scientometrics,Exploring technology fusion by combining latent Dirichlet allocation with Doc2vec: a case of digital medicine and machine learning,2024,https://doi.org/10.1007/s11192-024-05069-1,https://openalex.org/W4399677130,True
Scientometrics,Knowledge convergence and organization innovation: the moderating role of relational embeddedness,2020,https://doi.org/10.1007/s11192-020-03684-2,https://openalex.org/W3082223228,True
Scientometrics,Does research collaboration influence the “disruption” of articles? Evidence from neurosciences,2020,https://doi.org/10.1007/s11192-020-03757-2,https://openalex.org/W3095343655,True
Scientometrics,Scholarly literature mining with information retrieval and natural language processing: Preface,2020,https://doi.org/10.1007/s11192-020-03763-4,https://openalex.org/W3099070320,True
Scientometrics,Ranking of author assessment parameters using Logistic Regression,2020,https://doi.org/10.1007/s11192-020-03769-y,https://openalex.org/W3104696479,True
Scientometrics,Early detection of technology opportunity based on analogy design and phrase semantic representation,2020,https://doi.org/10.1007/s11192-020-03641-z,https://openalex.org/W3047241372,True
Scientometrics,Early identification of technological convergence in numerical control machine tool: a deep learning approach,2020,https://doi.org/10.1007/s11192-020-03696-y,https://openalex.org/W3085321109,True
Scientometrics,"Temporal evolution, most influential studies and sleeping beauties of the coronavirus literature",2021,https://doi.org/10.1007/s11192-021-04036-4,https://openalex.org/W3173438655,True
Scientometrics,Identifying emerging technologies using expert opinions on the future: A topic modeling and fuzzy clustering approach,2021,https://doi.org/10.1007/s11192-021-04024-8,https://openalex.org/W3174413045,True
Scientometrics,Semantic and relational spaces in science of science: deep learning models for article vectorisation,2021,https://doi.org/10.1007/s11192-021-03984-1,https://openalex.org/W3094800999,True
Scientometrics,Research topic flows in co-authorship networks,2022,https://doi.org/10.1007/s11192-022-04529-w,https://openalex.org/W4304187768,True
Scientometrics,Measuring h-index and scholarly productivity in academic dermatology in Canada,2022,https://doi.org/10.1007/s11192-022-04589-y,https://openalex.org/W4311812368,True
Scientometrics,Does the journal impact factor reflect the impact of German medical guideline contributions?,2023,https://doi.org/10.1007/s11192-023-04647-z,https://openalex.org/W4319158562,True
Scientometrics,Analyzing the influence of prolific collaborations on authors productivity and visibility,2023,https://doi.org/10.1007/s11192-023-04669-7,https://openalex.org/W4323364208,True
Scientometrics,Alphabetic order of authors in scholarly publications: a bibliometric study for 27 scientific fields,2020,https://doi.org/10.1007/s11192-020-03686-0,https://openalex.org/W3081754577,True
Scientometrics,Identifying collaboration dynamics of bipartite author-topic networks with the influences of interest changes,2020,https://doi.org/10.1007/s11192-019-03342-2,https://openalex.org/W2999289032,True
Scientometrics,Cross-country learning from patents: an analysis of citations flows in innovation trajectories,2021,https://doi.org/10.1007/s11192-021-04094-8,https://openalex.org/W3179712285,True
Scientometrics,The influence of academic advisors on academic network of Physics doctoral students: empirical evidence based on scientometrics analysis,2021,https://doi.org/10.1007/s11192-021-03974-3,https://openalex.org/W3158597642,True
Scientometrics,The influence of opening up peer review on the citations of journal articles,2021,https://doi.org/10.1007/s11192-021-04182-9,https://openalex.org/W3210250179,True
Scientometrics,Unpacking research lock-in through a diachronic analysis of topic cluster trajectories in scholarly publications,2022,https://doi.org/10.1007/s11192-022-04514-3,https://openalex.org/W4297370052,True
Scientometrics,Global science and the muslim world: overview of muslim-majority country contributions to global science,2022,https://doi.org/10.1007/s11192-022-04517-0,https://openalex.org/W4297513509,True
Scientometrics,ResGAT: an improved graph neural network based on multi-head attention mechanism and residual network for paper classification,2024,https://doi.org/10.1007/s11192-023-04898-w,https://openalex.org/W4390701219,True
Scientometrics,Influence of cultural and socioeconomic factors on scientific production: a statistical analysis of the h-index,2024,https://doi.org/10.1007/s11192-024-04965-w,https://openalex.org/W4392657758,True
Scientometrics,Impact of transition of medical journals from print to online-only on their scholarly performance,2024,https://doi.org/10.1007/s11192-024-04998-1,https://openalex.org/W4394929835,True
Scientometrics,"Influence of political tensions on scientific productivity, citation impact, and knowledge combinations",2024,https://doi.org/10.1007/s11192-024-04973-w,https://openalex.org/W4395043958,True
Scientometrics,Extracting problem and method sentence from scientific papers: a context-enhanced transformer using formulaic expression desensitization,2024,https://doi.org/10.1007/s11192-024-05048-6,https://openalex.org/W4399053516,True
Scientometrics,A decadal study on identifying latent topics and research trends in open access LIS journals using topic modeling approach,2024,https://doi.org/10.1007/s11192-024-05058-4,https://openalex.org/W4399298197,True
Scientometrics,A deep learning-based method for predicting the emerging degree of research topics using emerging index,2024,https://doi.org/10.1007/s11192-024-05068-2,https://openalex.org/W4399670849,True
Scientometrics,Predicting citation impact of academic papers across research areas using multiple models and early citations,2024,https://doi.org/10.1007/s11192-024-05086-0,https://openalex.org/W4400017022,True
Scientometrics,"The small-world phenomenon: a model, explanations, characterizations, and examples",2024,https://doi.org/10.1007/s11192-024-05119-8,https://openalex.org/W4401427630,True
Scientometrics,Mapping scholarly books: library metadata and research assessment,2024,https://doi.org/10.1007/s11192-024-05120-1,https://openalex.org/W4401657470,True
Scientometrics,Exploring the applicability of large language models to citation context analysis,2024,https://doi.org/10.1007/s11192-024-05142-9,https://openalex.org/W4402775249,True
Scientometrics,The impact of the virtualization of scholarly conferences on the gender structure of conference contributors,2024,https://doi.org/10.1007/s11192-024-05212-y,https://openalex.org/W4405400824,True
Scientometrics,Charting the Open Access scholarly journals landscape in the UAE,2020,https://doi.org/10.1007/s11192-020-03349-0,https://openalex.org/W3000780640,True
Scientometrics,Scientific collaboration of researchers and organizations: a two-level blockmodeling approach,2020,https://doi.org/10.1007/s11192-020-03708-x,https://openalex.org/W3086847010,True
Scientometrics,Disambiguation of author entities in ADS using supervised learning and graph theory methods,2021,https://doi.org/10.1007/s11192-021-03951-w,https://openalex.org/W3153945221,True
Scientometrics,Exploring funding patterns with word embedding-enhanced organization–topic networks: a case study on big data,2022,https://doi.org/10.1007/s11192-021-04253-x,https://openalex.org/W4206167457,True
Scientometrics,Research performance and scholarly communication profile of competitive research funding: the case of Academy of Finland,2022,https://doi.org/10.1007/s11192-022-04385-8,https://openalex.org/W4295337144,True
Scientometrics,Research proposal content extraction using natural language processing and semi-supervised clustering: A demonstration and comparative analysis,2023,https://doi.org/10.1007/s11192-023-04689-3,https://openalex.org/W4362717730,True
Scientometrics,Knowledge discovery from the texts of Nobel Prize winners in literature: sentiment analysis and Latent Dirichlet Allocation,2023,https://doi.org/10.1007/s11192-023-04783-6,https://openalex.org/W4383621371,True
Scientometrics,Embedding models for supervised automatic extraction and classification of named entities in scientific acknowledgements,2023,https://doi.org/10.1007/s11192-023-04806-2,https://openalex.org/W4386086063,True
Scientometrics,How is public discussion as reflected in WeChat articles different from scholarly research in China? An empirical study of metaverse,2023,https://doi.org/10.1007/s11192-023-04892-2,https://openalex.org/W4389668921,True
Scientometrics,Dr. Anonymous is still there: a revisit of legal scholarly publishing,2023,https://doi.org/10.1007/s11192-023-04912-1,https://openalex.org/W4389979110,True
Scientometrics,Examining scholarly communication on X (Twitter): insights from participants tweeting COVID-19 and ChatGPT publications,2025,https://doi.org/10.1007/s11192-025-05246-w,https://openalex.org/W4407176349,True
Scientometrics,Comeback or dropout: study of discontinued researchers at early career stage,2025,https://doi.org/10.1007/s11192-025-05243-z,https://openalex.org/W4407180205,True
Scientometrics,On the credibility of QS and THE ranking by subject area: misalignment of subject mapping to academic disciplines,2025,https://doi.org/10.1007/s11192-025-05266-6,https://openalex.org/W4409274663,True
Scientometrics,Learned societies in the academic landscape: challenges in identifying and categorizing organizations,2025,https://doi.org/10.1007/s11192-025-05304-3,https://openalex.org/W4409295388,True
Scientometrics,Fragmentation of national research systems: the case of the Netherlands,2025,https://doi.org/10.1007/s11192-025-05310-5,https://openalex.org/W4409343395,True
Scientometrics,Choosing a career partner: birds of a feather flock together,2025,https://doi.org/10.1007/s11192-025-05299-x,https://openalex.org/W4409401306,True
Scientometrics,What influences the number of citations of scientific articles? Study on colloid and interface science,2025,https://doi.org/10.1007/s11192-025-05311-4,https://openalex.org/W4409401437,True
Scientometrics,Do epistemic similarity and experiential familiarity enhance the productivity of early-career interdisciplinary researchers?,2025,https://doi.org/10.1007/s11192-025-05301-6,https://openalex.org/W4409635177,True
Scientometrics,Measuring scholarly performance using comprehensive standardized research-teaching (RT) score,2025,https://doi.org/10.1007/s11192-025-05317-y,https://openalex.org/W4409650581,True
Scientometrics,"Gender disparities in first authorship: examining the Matilda effect across communication, political science, and sociology",2025,https://doi.org/10.1007/s11192-025-05303-4,https://openalex.org/W4409780369,True
Scientometrics,Do articles with multiple corresponding authorships have a citation advantage? A double machine learning analysis approach,2025,https://doi.org/10.1007/s11192-025-05242-0,https://openalex.org/W4409864519,True
Scientometrics,The structure and evolution of scholarly interests from antiquity to the eighteenth century,2025,https://doi.org/10.1007/s11192-025-05340-z,https://openalex.org/W4410717037,True
Scientometrics,Local or global? Factors influencing authorship composition of Australian journals,2025,https://doi.org/10.1007/s11192-025-05360-9,https://openalex.org/W4412043260,True
Scientometrics,Analyzing the scholarly visibility of blockchain technology research output on social media platforms using altmetrics,2025,https://doi.org/10.1007/s11192-025-05354-7,https://openalex.org/W4412048071,True
Scientometrics,Research on paragraph-level functional structure recognition in scientific literature: a data augmentation method based on LLMs and lexical function,2025,https://doi.org/10.1007/s11192-025-05355-6,https://openalex.org/W4412627044,True
Scientometrics,A novel unsupervised learning framework for measuring the technological innovation of patents,2025,https://doi.org/10.1007/s11192-025-05380-5,https://openalex.org/W4412818251,True
Scientometrics,Flexible recruitment of overseas talent,2025,https://doi.org/10.1007/s11192-025-05379-y,https://openalex.org/W4412852796,True
Scientometrics,Field identification and opportunity discovery of photovoltaics technology: deep transfer learning method,2025,https://doi.org/10.1007/s11192-025-05394-z,https://openalex.org/W4412865895,True
Scientometrics,Science out of its Ivory Tower: improving accessibility with reinforcement learning,2025,https://doi.org/10.1007/s11192-025-05386-z,https://openalex.org/W4412961793,True
Scientometrics,Estimation of disciplinary similarity with large language models,2025,https://doi.org/10.1007/s11192-025-05385-0,https://openalex.org/W4413129533,True
Scientometrics,Academic literature recommendation in large-scale citation networks enhanced by large language models,2025,https://doi.org/10.1007/s11192-025-05420-0,https://openalex.org/W4414033246,True
Scientometrics,Toward a classification of Spanish scholarly journals in social sciences and humanities considering their impact and visibility,2020,https://doi.org/10.1007/s11192-020-03665-5,https://openalex.org/W3069355347,True
Scientometrics,"Other than detecting impact in advance, alternative metrics could act as early warning signs of retractions: tentative findings of a study into the papers retracted by PLoS ONE",2020,https://doi.org/10.1007/s11192-020-03698-w,https://openalex.org/W3084494566,True
Scientometrics,"Are organizational and economic proximity driving factors of scientific collaboration? Evidence from Spanish universities, 2001–2010",2020,https://doi.org/10.1007/s11192-020-03748-3,https://openalex.org/W3095217436,True
Scientometrics,Machine learning misclassification of academic publications reveals non-trivial interdependencies of scientific disciplines,2020,https://doi.org/10.1007/s11192-020-03789-8,https://openalex.org/W3110489943,True
Scientometrics,An in-text citation classification predictive model for a scholarly search system,2021,https://doi.org/10.1007/s11192-021-03986-z,https://openalex.org/W3159507040,True
Scientometrics,Do scientific publications by editorial board members have shorter publication delays and then higher influence?,2021,https://doi.org/10.1007/s11192-021-04067-x,https://openalex.org/W3176694485,True
Scientometrics,Deep learning for journal recommendation system of research papers,2022,https://doi.org/10.1007/s11192-022-04535-y,https://openalex.org/W4304147679,True
Scientometrics,"The Influence of Technostress, Learning Goal Orientation, and Perceived Team Learning Climate on Intra-Team Knowledge Sharing and Innovative Practices Among ICT-Enabled Team Members",2022,https://doi.org/10.1007/s11192-022-04568-3,https://openalex.org/W4307986744,True
Scientometrics,An artificial intelligence-based framework for data-driven categorization of computer scientists: a case study of world’s Top 10 computing departments,2022,https://doi.org/10.1007/s11192-022-04627-9,https://openalex.org/W4313400493,True
Scientometrics,Can altmetric mentions reflect the quality of evidence? A study in Biomedical and Life Sciences,2025,https://doi.org/10.1007/s11192-025-05292-4,https://openalex.org/W4409184160,True
Scientometrics,Analysis of the research collaboration organizational characteristics and scientific impact of large-scale research facilities: a case study of Chinese large-scale research facilities,2025,https://doi.org/10.1007/s11192-025-05314-1,https://openalex.org/W4409803411,True
Scientometrics,Comparing representations of a discipline derived through LDA vs. intellectual content analysis: the case of information science,2025,https://doi.org/10.1007/s11192-025-05376-1,https://openalex.org/W4412684094,True
Scientometrics,Using neural-network based paragraph embeddings for the calculation of within and between document similarities,2020,https://doi.org/10.1007/s11192-020-03583-6,https://openalex.org/W3043811680,True
Scientometrics,The small world of innovation studies: an “editormetrics” perspective,2022,https://doi.org/10.1007/s11192-022-04279-9,https://openalex.org/W4210437494,True
Scientometrics,"National and organizational patterns of Nobel laureate careers in physiology/medicine, physics, and chemistry",2022,https://doi.org/10.1007/s11192-021-04250-0,https://openalex.org/W4210747178,True
Scientometrics,WeChat uptake of chinese scholarly journals: an analysis of CSSCI-indexed journals,2022,https://doi.org/10.1007/s11192-022-04347-0,https://openalex.org/W4220750789,True
Scientometrics,Semantic Academic Profiler (SAP): a framework for researcher assessment based on semantic topic modeling,2022,https://doi.org/10.1007/s11192-022-04449-9,https://openalex.org/W4285095255,True
Scientometrics,Cover papers of top journals are reliable source for emerging topics detection: a machine learning based prediction framework,2022,https://doi.org/10.1007/s11192-022-04462-y,https://openalex.org/W4285731179,True
Scientometrics,Influence of proximities and their interaction effects on scientific collaborations: the case of Turkish regions,2024,https://doi.org/10.1007/s11192-023-04919-8,https://openalex.org/W4391053223,True
Scientometrics,Exploring the impact of inter-organizational knowledge potential difference: an empirical investigation of inventor mobility,2024,https://doi.org/10.1007/s11192-024-05021-3,https://openalex.org/W4396673446,True
Scientometrics,Mapping science through editorial board interlocking: connections and distance between fields of knowledge and institutional affiliations,2024,https://doi.org/10.1007/s11192-024-05027-x,https://openalex.org/W4396843086,True
Scientometrics,The role of non-scientific factors vis-à-vis the quality of publications in determining their scholarly impact,2024,https://doi.org/10.1007/s11192-024-05106-z,https://openalex.org/W4400863431,True
Scientometrics,Do Changes in Journal Rank Influence Publication Output? Evidence from China,2024,https://doi.org/10.1007/s11192-024-05167-0,https://openalex.org/W4402938041,True
Scientometrics,The changing world dynamics of research performance,2024,https://doi.org/10.1007/s11192-024-05199-6,https://openalex.org/W4405921091,True
Scientometrics,The effect of collaboration with large publishers on the internationality and influence of open access journals for research institutions,2020,https://doi.org/10.1007/s11192-020-03426-4,https://openalex.org/W3013581885,True
Scientometrics,Do national funding organizations properly address the diseases with the highest burden?: Observations from China and the UK,2020,https://doi.org/10.1007/s11192-020-03572-9,https://openalex.org/W3037251187,True
Scientometrics,Influence of accessibility (open and toll-based) of scholarly publications on retractions,2021,https://doi.org/10.1007/s11192-021-03990-3,https://openalex.org/W3157483857,True
Scientometrics,A deep learning approach for identifying biomedical breakthrough discoveries using context analysis,2021,https://doi.org/10.1007/s11192-021-04003-z,https://openalex.org/W3165166082,True
Scientometrics,A multi-view method of scientific paper classification via heterogeneous graph embeddings,2022,https://doi.org/10.1007/s11192-022-04419-1,https://openalex.org/W4285095608,True
Scientometrics,The influence of Covid-19 on publications in economics: bibliometric evidence from five working paper series,2022,https://doi.org/10.1007/s11192-022-04473-9,https://openalex.org/W4291144360,True
Scientometrics,A novel methodology to disambiguate organization names: an application to EU Framework Programmes data,2023,https://doi.org/10.1007/s11192-023-04746-x,https://openalex.org/W4378904802,True
Scientometrics,A transfer learning approach to interdisciplinary document classification with keyword-based explanation,2023,https://doi.org/10.1007/s11192-023-04825-z,https://openalex.org/W4388340924,True
Scientometrics,A social network analysis of academic journals in public administration in the early twenty-first century: examining journal level bibliometrics with network analysis,2023,https://doi.org/10.1007/s11192-023-04861-9,https://openalex.org/W4388528612,True
Scientometrics,U.S. News &amp; World Report Best Colleges rankings: Which institutional metrics contribute to sustained stratification?,2020,https://doi.org/10.1007/s11192-020-03560-z,https://openalex.org/W3034576625,True
Scientometrics,Mapping research fields using co-nomination: the case of hyper-authorship heavy flavour physics,2020,https://doi.org/10.1007/s11192-020-03538-x,https://openalex.org/W3035983373,True
Scientometrics,Exploring WorldCat identities as an altmetric information source: a library catalog analysis experiment in the field of Scientometrics,2021,https://doi.org/10.1007/s11192-020-03814-w,https://openalex.org/W3109891501,True
Scientometrics,How do Price medalists’ scholarly impact change before and after their awards?,2021,https://doi.org/10.1007/s11192-021-03979-y,https://openalex.org/W3160071891,True
Scientometrics,Exploring the clinical translation intensity of papers published by the world’s top scientists in basic medicine,2023,https://doi.org/10.1007/s11192-023-04634-4,https://openalex.org/W4318475404,True
Scientometrics,Innovation signals: leveraging machine learning to separate noise from news,2023,https://doi.org/10.1007/s11192-023-04672-y,https://openalex.org/W4365148133,True
Scientometrics,On the influence of uncited publications on a researcher’s h-index,2020,https://doi.org/10.1007/s11192-020-03356-1,https://openalex.org/W3004409443,True
Scientometrics,Diversity of temporal influence in popularity prediction of scientific publications,2020,https://doi.org/10.1007/s11192-020-03354-3,https://openalex.org/W3008489929,True
Scientometrics,Multi-criteria altmetric scores are likely to be redundant with respect to a subset of the underlying information,2020,https://doi.org/10.1007/s11192-020-03491-9,https://openalex.org/W3021400579,True
Scientometrics,Participation of ‘international national organisations’ in Africa’s research: a bibliometric study of agriculture and health in Zimbabwe,2020,https://doi.org/10.1007/s11192-020-03480-y,https://openalex.org/W3021984678,True
Scientometrics,Investigating collaborative and mobility networks: reflections on the core missions of universities,2021,https://doi.org/10.1007/s11192-021-03865-7,https://openalex.org/W3127424694,True
Scientometrics,Making the most of world talent for science? The Nobel Prize and Fields Medal experience,2022,https://doi.org/10.1007/s11192-021-04236-y,https://openalex.org/W4206245549,True
Scientometrics,Diversity of success: measuring the scholarly performance diversity of tenured professors in the Israeli academia,2021,https://doi.org/10.1007/s11192-020-03823-9,https://openalex.org/W3126980133,True
Scientometrics,Are automated accounts driving scholarly communication on Twitter? a case study of dissemination of COVID-19 publications,2022,https://doi.org/10.1007/s11192-022-04343-4,https://openalex.org/W4220998344,True
Scientometrics,Traditional indicators inflate some countries’ scientific impact over 10 times,2020,https://doi.org/10.1007/s11192-020-03372-1,https://openalex.org/W3004197070,True
Scientometrics,Eco-system mapping of techno-science linkages at the level of scholarly journals and fields,2020,https://doi.org/10.1007/s11192-020-03435-3,https://openalex.org/W3015021951,True
Scientometrics,Flagging incorrect nucleotide sequence reagents in biomedical papers: To what extent does the leading publication format impede automatic error detection?,2020,https://doi.org/10.1007/s11192-020-03463-z,https://openalex.org/W3026405240,True
Scientometrics,Letters to the editor in exercise science and physical therapy journals: an examination of content and “authorship inflation”,2021,https://doi.org/10.1007/s11192-021-04068-w,https://openalex.org/W3177321901,True
Scientometrics,Identification and causal analysis of predatory open access journals based on interpretable machine learning,2024,https://doi.org/10.1007/s11192-024-04969-6,https://openalex.org/W4392650382,True
Scientometrics,Examining the influence of women scientists on scientific impact and novelty: insights from top business journals,2024,https://doi.org/10.1007/s11192-024-05014-2,https://openalex.org/W4396229330,True
Scientometrics,biblioverlap: an R package for document matching across bibliographic datasets,2024,https://doi.org/10.1007/s11192-024-05065-5,https://openalex.org/W4399461942,True
Scientometrics,Is Management and Organizational Studies divided into (micro-)tribes?,2024,https://doi.org/10.1007/s11192-024-05013-3,https://openalex.org/W4400013674,True
Scientometrics,Gender of gender studies: examining regional and gender-based disparities in scholarly publications,2024,https://doi.org/10.1007/s11192-024-05084-2,https://openalex.org/W4400073150,True
Scientometrics,$${\varvec{x}}_{{\varvec{d}}}$$-index and its variants: a set of overall scholarly expertise diversity indices for the research portfolio management of institutions,2024,https://doi.org/10.1007/s11192-024-05131-y,https://openalex.org/W4401669316,True
Scientometrics,Understanding the relationship between team diversity and the innovative performance in research teams using decision tree algorithms: evidence from artificial intelligence,2024,https://doi.org/10.1007/s11192-024-05183-0,https://openalex.org/W4403778766,True
Scientometrics,A study of the index time of early access articles,2024,https://doi.org/10.1007/s11192-024-05188-9,https://openalex.org/W4404855640,True
Scientometrics,The domestic localization of knowledge flows as evidenced by publication citation: the case of Italy,2020,https://doi.org/10.1007/s11192-020-03487-5,https://openalex.org/W3020948782,True
Scientometrics,Identifying influential studies and maturity level in intellectual structure of fields: evidence from strategic management,2020,https://doi.org/10.1007/s11192-020-03776-z,https://openalex.org/W3109450212,True
Scientometrics,Relevance of document types in the scores’ calculation of a specific field-normalized indicator: Are the scores strongly dependent on or nearly independent of the document type handling?,2022,https://doi.org/10.1007/s11192-022-04446-y,https://openalex.org/W4285590021,True
Scientometrics,"Changing dynamics of scholarly publication: a perspective towards open access publishing and the proposed one nation, one subscription policy of India",2022,https://doi.org/10.1007/s11192-022-04375-w,https://openalex.org/W4288061457,True
Scientometrics,The influence of disruption on evaluating the scientific significance of papers,2022,https://doi.org/10.1007/s11192-022-04505-4,https://openalex.org/W4293545873,True
Scientometrics,Tracking biomedical articles along the translational continuum: a measure based on biomedical knowledge representation,2022,https://doi.org/10.1007/s11192-022-04607-z,https://openalex.org/W4312210523,True
Scientometrics,Scholarly book publishers as publicity agents for SSH titles on Twitter,2021,https://doi.org/10.1007/s11192-021-03947-6,https://openalex.org/W3159858305,True
Scientometrics,Analysing the evolution of computer science events leveraging a scholarly knowledge graph: a scientometrics study of top-ranked events in the past decade,2021,https://doi.org/10.1007/s11192-021-04072-0,https://openalex.org/W3181207691,True
Scientometrics,Mathematical reflections on Triple Helix calculations,2021,https://doi.org/10.1007/s11192-021-04114-7,https://openalex.org/W3193545877,True
Scientometrics,The influence of discipline consistency between papers and published journals on citations: an analysis of Chinese papers in three social science disciplines,2023,https://doi.org/10.1007/s11192-023-04686-6,https://openalex.org/W4328129830,True
Scientometrics,Analysis of the relationships among paper citation and its influencing factors: a Bayesian network-based approach,2023,https://doi.org/10.1007/s11192-023-04697-3,https://openalex.org/W4365137276,True
Scientometrics,Disciplinary collaboration rates in the social sciences and humanities: what is the influence of classification type?,2023,https://doi.org/10.1007/s11192-023-04719-0,https://openalex.org/W4376611633,True
Scientometrics,Discovery and recognition of formula concepts using machine learning,2023,https://doi.org/10.1007/s11192-023-04667-9,https://openalex.org/W4384201826,True
Scientometrics,Scholarly event characteristics in four fields of science: a metrics-based analysis,2020,https://doi.org/10.1007/s11192-020-03391-y,https://openalex.org/W3006774821,True
Scientometrics,Influence of the international collaboration in the field of metric studies of science and technology: the case of Mexico (1971–2018),2020,https://doi.org/10.1007/s11192-020-03522-5,https://openalex.org/W3034328416,True
Scientometrics,Quantifying the higher-order influence of scientific publications,2020,https://doi.org/10.1007/s11192-020-03580-9,https://openalex.org/W3042268477,True
Scientometrics,Fine-grained academic rankings: mapping affiliation of the influential researchers with the top ranked HEIs,2021,https://doi.org/10.1007/s11192-021-04138-z,https://openalex.org/W3196963938,True
Scientometrics,Tamquam alter idem: formal similarities in a subset of reports on anti-inflammatory compounds in the years 2008–2019,2022,https://doi.org/10.1007/s11192-022-04434-2,https://openalex.org/W4283074985,True
Scientometrics,How accurate are news mentions of scholarly output? A content analysis,2022,https://doi.org/10.1007/s11192-022-04382-x,https://openalex.org/W4283660595,True
Scientometrics,Does cross-field influence regional and field-specific distributions of highly cited researchers?,2022,https://doi.org/10.1007/s11192-022-04584-3,https://openalex.org/W4309781947,True
Scientometrics,A journal recommender for article submission using transformers,2022,https://doi.org/10.1007/s11192-022-04609-x,https://openalex.org/W4312105940,True
Scientometrics,Defining the unscholarly publication: a bibliometric study of uncited and barely cited publications,2022,https://doi.org/10.1007/s11192-022-04610-4,https://openalex.org/W4313320305,True
Scientometrics,A two-dimensional bibliometric index reflecting both quality and quantity,2020,https://doi.org/10.1007/s11192-020-03454-0,https://openalex.org/W3021628139,True
Scientometrics,A two-step deep learning approach to data classification and modeling and a demonstration on subject type relationship analysis in the Web of Science,2020,https://doi.org/10.1007/s11192-020-03599-y,https://openalex.org/W3053550947,True
Scientometrics,Flow of ideas in the study of communication channels and references in publications on nanotechnology applied to food and agriculture in Mexico,2020,https://doi.org/10.1007/s11192-020-03793-y,https://openalex.org/W3107332406,True
Scientometrics,Correction to: Citation concept analysis (CCA): a new form of citation analysis revealing the usefulness of concepts for other researchers illustrated by exemplary case studies including classic books by Thomas S. Kuhn and Karl R. Popper,2020,https://doi.org/10.1007/s11192-020-03495-5,https://openalex.org/W4236400468,True
Scientometrics,Bayesian inference of spatial and temporal relations in AI patents for EU countries,2023,https://doi.org/10.1007/s11192-023-04699-1,https://openalex.org/W4367368963,True
Scientometrics,A flexible functional method for jointly valuing journal visibility and author citation count,2023,https://doi.org/10.1007/s11192-023-04727-0,https://openalex.org/W4377027859,True
Scientometrics,On the banks of Shodhganga: analysis of the academic genealogy graph of an Indian ETD repository,2023,https://doi.org/10.1007/s11192-023-04728-z,https://openalex.org/W4377225254,True
Scientometrics,A hybrid strategy to extract metadata from scholarly articles by utilizing support vector machine and heuristics,2023,https://doi.org/10.1007/s11192-023-04774-7,https://openalex.org/W4381618418,True
Scientometrics,Reflections on the institutionalization process of scientific research in Latin America: the case of Cinvestav,2022,https://doi.org/10.1007/s11192-021-04211-7,https://openalex.org/W4205629571,True
Scientometrics,Deciphering the US News and World Report Ranking of US Chemistry Graduate Programs,2022,https://doi.org/10.1007/s11192-022-04317-6,https://openalex.org/W4225985872,True
Scientometrics,Co-citation Percentile Rank and JYUcite: a new network-standardized output-level citation influence metric and its implementation using Dimensions API,2022,https://doi.org/10.1007/s11192-022-04393-8,https://openalex.org/W4281257753,True
Scientometrics,Public funding accountability: a linked open data-based methodology for analysing the scientific productivity and influence of funded projects,2024,https://doi.org/10.1007/s11192-024-04975-8,https://openalex.org/W4392649073,True
Scientometrics,Proximity still matters in research collaboration! Evidence from the introduction of new airline routes and high-speed railways in China,2024,https://doi.org/10.1007/s11192-023-04910-3,https://openalex.org/W4392761205,True
Scientometrics,A deep learning method for recommending university patents to industrial clusters by common technological needs mining,2024,https://doi.org/10.1007/s11192-024-05052-w,https://openalex.org/W4399054151,True
Scientometrics,Multilateral co-authorship: an important but easily overlooked pattern in international scientific collaboration research,2024,https://doi.org/10.1007/s11192-024-05095-z,https://openalex.org/W4400075540,True
Scientometrics,Overcoming alphabetical disadvantage: factors influencing the use of surname initial techniques and their impact on citation rates in the four major disciplines of social sciences,2024,https://doi.org/10.1007/s11192-024-05100-5,https://openalex.org/W4400357585,True
Scientometrics,Navigating geopolitical storms: assessing the robustness of Canada’s 5G research network in the wake of the Huawei conflict,2024,https://doi.org/10.1007/s11192-024-05078-0,https://openalex.org/W4400867599,True
Scientometrics,Ten year citation prediction model for systematic reviews using early years citation data,2024,https://doi.org/10.1007/s11192-024-05105-0,https://openalex.org/W4400891159,True
Scientometrics,Automated taxonomy alignment via large language models: bridging the gap between knowledge domains,2024,https://doi.org/10.1007/s11192-024-05111-2,https://openalex.org/W4401009744,True
Scientometrics,SRRS: Design and Development of a Scholarly Reciprocal Recommendation System,2024,https://doi.org/10.1007/s11192-024-05143-8,https://openalex.org/W4402710173,True
Scientometrics,"“Insert witty catchphrase here!”: do title elements influence engagement and citation?— examining highly-cited research articles in media, communication, and related disciplines",2024,https://doi.org/10.1007/s11192-024-05152-7,https://openalex.org/W4402710616,True
Scientometrics,Disentangling a secret web of online scholarly interactions involving the research of top scholars in the field of communication: International Communication Association (ICA) Fellows,2024,https://doi.org/10.1007/s11192-024-05181-2,https://openalex.org/W4404079436,True
Scientometrics,Predicting scholar potential: a deep learning model on social capital features,2024,https://doi.org/10.1007/s11192-024-05196-9,https://openalex.org/W4404643212,True
Scientometrics,"Science communicators, flat-eathers, or fitness coaches: who is citing scientific publications in youtube video descriptions?",2024,https://doi.org/10.1007/s11192-024-05204-y,https://openalex.org/W4404645637,True
Scientometrics,Using multinational patent data to measure a design change in early aviation,2024,https://doi.org/10.1007/s11192-024-05148-3,https://openalex.org/W4405401966,True
Scientometrics,Journal article classification using abstracts: a comparison of classical and transformer-based machine learning methods,2024,https://doi.org/10.1007/s11192-024-05217-7,https://openalex.org/W4405799352,True
Scientometrics,Collaboration at the phylum level: coauthorship and acknowledgment patterns in the world of the water bears (phylum Tardigrada),2024,https://doi.org/10.1007/s11192-024-05036-w,https://openalex.org/W4399848042,True
Scientometrics,RefCit2vec: embedding models considering references and citations for measuring document similarity,2024,https://doi.org/10.1007/s11192-024-05067-3,https://openalex.org/W4400494621,True
Scientometrics,Research on bibliometrics and the World’s leading universities,2024,https://doi.org/10.1007/s11192-024-05141-w,https://openalex.org/W4403553845,True
Scientometrics,The spin-off to civilian medical practice in the UK and USA from medical research developed during conflict,2020,https://doi.org/10.1007/s11192-020-03738-5,https://openalex.org/W3105910955,True
Scientometrics,Semantic similarity-based credit attribution on citation paths: a method for allocating residual citation to and investigating depth of influence of scientific communications,2022,https://doi.org/10.1007/s11192-022-04522-3,https://openalex.org/W4297495502,True
Scientometrics,Correction to: Influence of accessibility (open and toll‑based) of scholarly publications on retractions,2021,https://doi.org/10.1007/s11192-021-04041-7,https://openalex.org/W3162874277,True
Scientometrics,Citation contexts as a data source for evaluation of scholarly consumption,2021,https://doi.org/10.1007/s11192-021-04165-w,https://openalex.org/W3204652094,True
Scientometrics,Correction: Exploring the clinical translation intensity of papers published by the world’s top scientists in basic medicine,2023,https://doi.org/10.1007/s11192-023-04688-4,https://openalex.org/W4362588242,True
Scientometrics,A model for reference list length of scholarly articles,2023,https://doi.org/10.1007/s11192-023-04780-9,https://openalex.org/W4383619060,True
Quantitative Science Studies,Web of Science as a data source for research on scientific and scholarly activity,2020,https://doi.org/10.1162/qss_a_00018,https://openalex.org/W3000895385,True
Quantitative Science Studies,Crossref: The sustainable source of community-owned scholarly metadata,2020,https://doi.org/10.1162/qss_a_00022,https://openalex.org/W3002281830,True
Quantitative Science Studies,"A critical review of large language models: Sensitivity, bias, and the path toward specialized AI",2024,https://doi.org/10.1162/qss_a_00310,https://openalex.org/W4396667188,True
Quantitative Science Studies,scite: A smart citation index that displays the context of citations and classifies their intent using deep learning,2021,https://doi.org/10.1162/qss_a_00146,https://openalex.org/W3185077430,True
Quantitative Science Studies,"“Garbage in, garbage out” revisited: What do machine learning application papers report about human-labeled training data?",2021,https://doi.org/10.1162/qss_a_00144,https://openalex.org/W3177746823,True
Quantitative Science Studies,Recalibrating the scope of scholarly publishing: A modest step in a vast decolonization process,2022,https://doi.org/10.1162/qss_a_00228,https://openalex.org/W4311844276,True
Quantitative Science Studies,Completeness degree of publication metadata in eight free-access scholarly databases,2024,https://doi.org/10.1162/qss_a_00286,https://openalex.org/W4391658149,True
Quantitative Science Studies,Mapping scholarly publications related to the Sustainable Development Goals: Do independent bibliometric approaches get the same results?,2020,https://doi.org/10.1162/qss_a_00071,https://openalex.org/W3035105870,True
Quantitative Science Studies,"OpenCitations, an infrastructure organization for open scholarship",2020,https://doi.org/10.1162/qss_a_00023,https://openalex.org/W3106215946,True
Quantitative Science Studies,The disruption index is biased by citation inflation,2024,https://doi.org/10.1162/qss_a_00333,https://openalex.org/W4403121713,True
Quantitative Science Studies,A Survey on Knowledge Organization Systems of Research Fields: Resources and Challenges,2025,https://doi.org/10.1162/qss_a_00363,https://openalex.org/W4408907866,True
Quantitative Science Studies,"The Microsoft Academic Knowledge Graph enhanced: Author name disambiguation, publication classification, and embeddings",2022,https://doi.org/10.1162/qss_a_00183,https://openalex.org/W4214604362,True
Quantitative Science Studies,Predicting article quality scores with machine learning: The U.K. Research Excellence Framework,2023,https://doi.org/10.1162/qss_a_00258,https://openalex.org/W4366437426,True
Quantitative Science Studies,A half-century of global collaboration in science and the “Shrinking World”,2023,https://doi.org/10.1162/qss_a_00268,https://openalex.org/W4308672460,True
Quantitative Science Studies,Dynamic patterns of the disruptive and consolidating knowledge flows in Nobel-winning scientific breakthroughs,2024,https://doi.org/10.1162/qss_a_00323,https://openalex.org/W4401358970,True
Quantitative Science Studies,Fine-grained classification of social science journal articles using textual data: A comparison of supervised machine learning approaches,2020,https://doi.org/10.1162/qss_a_00106,https://openalex.org/W3113751171,True
Quantitative Science Studies,Opening science: The rebirth of a scholarly journal,2020,https://doi.org/10.1162/qss_e_00025,https://openalex.org/W3006840736,True
Quantitative Science Studies,Can the quality of published academic journal articles be assessed with machine learning?,2022,https://doi.org/10.1162/qss_a_00185,https://openalex.org/W4214721970,True
Quantitative Science Studies,Can altmetrics reflect societal impact considerations?: Exploring the potential of altmetrics in the context of a sustainability science research center,2020,https://doi.org/10.1162/qss_a_00032,https://openalex.org/W3011256584,True
Quantitative Science Studies,"Highly Ranked Scholars and the influence of countries and regions in research fields, disciplines, and specialties",2024,https://doi.org/10.1162/qss_a_00291,https://openalex.org/W4391883816,True
Quantitative Science Studies,Explicit or Implicit Digital Humanities? An Examination of Search Strategies to Retrieve Digital Humanities Publications from Large-Scale Scholarly Databases,2024,https://doi.org/10.1162/qss_a_00321,https://openalex.org/W4401212772,True
Quantitative Science Studies,Proposal success in Horizon 2020: A study of the influence of consortium characteristics,2020,https://doi.org/10.1162/qss_a_00067,https://openalex.org/W3029537163,True
Quantitative Science Studies,Transforming Role Classification in Scientific Teams Using LLMs and Advanced Predictive Analytics,2025,https://doi.org/10.1162/qss_a_00360,https://openalex.org/W4408868576,True
Quantitative Science Studies,Two definitions to characterize the relations between columns in a given scholarly metadata dataset,2025,https://doi.org/10.1162/qss_a_00362,https://openalex.org/W4408907850,True
Quantitative Science Studies,Hierarchical Classification of Research Fields in the MAG Science Network Using Deep Learning,2025,https://doi.org/10.1162/qss.a.2,https://openalex.org/W4410612378,True
Quantitative Science Studies,Mathematical reflections on modified fractional counting,2025,https://doi.org/10.1162/qss.a.6,https://openalex.org/W4411169682,True
Quantitative Science Studies,Representing the disciplinary structure of physics: a comparative evaluation of graph and text embedding methods,2025,https://doi.org/10.1162/qss_a_00349,https://openalex.org/W4406721862,True
Quantitative Science Studies,Research funding during COVID-19 inflated gender differences: systematic analysis of nationwide data from Denmark,2025,https://doi.org/10.1162/qss.a.18,https://openalex.org/W4413163160,True
Quantitative Science Studies,A Supervised Machine Learning Approach for Assessing Grant Peer Review Reports,2025,https://doi.org/10.1162/qss.a.23,https://openalex.org/W4413919195,True
Quantitative Science Studies,National policies as drivers of organizational change in universities: A string of reinforcing reforms,2020,https://doi.org/10.1162/qss_a_00046,https://openalex.org/W3025952612,True
Quantitative Science Studies,A quantitative view of the structure of institutional scientific collaborations using the example of Berlin,2021,https://doi.org/10.1162/qss_a_00131,https://openalex.org/W3153506605,True
Quantitative Science Studies,Using supervised learning to classify metadata of research data by field of study,2020,https://doi.org/10.1162/qss_a_00049,https://openalex.org/W3024646987,True
Quantitative Science Studies,Real influence: A novel approach to characterize the visibility of journals and publications,2024,https://doi.org/10.1162/qss_a_00316,https://openalex.org/W4400523892,True
Quantitative Science Studies,The development of a research intelligence tool for rare disease research in the Netherlands,2024,https://doi.org/10.1162/qss_a_00320,https://openalex.org/W4400915868,True
Quantitative Science Studies,Challenges in building Scholarly Knowledge Graphs for research assessment in Open Science,2024,https://doi.org/10.1162/qss_a_00322,https://openalex.org/W4401380145,True
Quantitative Science Studies,Improving overlay maps of science: Combining overview and detail,2022,https://doi.org/10.1162/qss_a_00216,https://openalex.org/W3205278904,True
Quantitative Science Studies,AOC: Assembling overlapping communities,2022,https://doi.org/10.1162/qss_a_00227,https://openalex.org/W4309694658,True
Quantitative Science Studies,Productivity and interdisciplinary impacts of Organized Research Units,2021,https://doi.org/10.1162/qss_a_00150,https://openalex.org/W3196889923,True
Quantitative Science Studies,How reliable are unsupervised author disambiguation algorithms in the assessment of research organization performance?,2023,https://doi.org/10.1162/qss_a_00236,https://openalex.org/W4313535028,True
Quantitative Science Studies,Science and research landscapes across D-8 organization member countries from a historical perspective: The policy context and collective agendas,2023,https://doi.org/10.1162/qss_a_00249,https://openalex.org/W4323356335,True
Quantitative Science Studies,New methodologies for the digital age? How methods (re-)organize research using social media data,2023,https://doi.org/10.1162/qss_a_00271,https://openalex.org/W4388464929,True
Quantitative Science Studies,"Linking science with media and policy: The case of academics in Flanders, Belgium",2024,https://doi.org/10.1162/qss_a_00311,https://openalex.org/W4396667231,True
Quantitative Science Studies,Auditing citation polarization during the early COVID-19 pandemic,2024,https://doi.org/10.1162/qss_a_00326,https://openalex.org/W4401947420,True
Quantitative Science Studies,"A Framework for Demonstrating, Forecasting, and Explaining Topic Evolution by Analyzing Geometrical Motion of Topic Embeddings",2024,https://doi.org/10.1162/qss_a_00344,https://openalex.org/W4405523714,True
Quantitative Science Studies,Scholarly publications and data set evidence for the Human Reference Atlas,2024,https://doi.org/10.1162/qss_a_00299,https://openalex.org/W4392454521,True
Quantitative Science Studies,Researchers and their data: A study based on the use of the word<i>data</i>in scholarly articles,2022,https://doi.org/10.1162/qss_a_00220,https://openalex.org/W4307284285,True
Quantitative Science Studies,Who influences policy labs in European Union? A social network approach,2023,https://doi.org/10.1162/qss_a_00247,https://openalex.org/W4320484163,True
Quantitative Science Studies,Sociocultural factors and academic openness of world countries,2023,https://doi.org/10.1162/qss_a_00278,https://openalex.org/W4389433403,True
Quantitative Science Studies,"An international, multi-stakeholder survey about metadata awareness, knowledge, and use in scholarly communications",2021,https://doi.org/10.1162/qss_a_00133,https://openalex.org/W3158349255,True
Journal of Informetrics,Early indicators of scientific impact: Predicting citations with altmetrics,2021,https://doi.org/10.1016/j.joi.2020.101128,https://openalex.org/W3130879909,True
Journal of Informetrics,Monolingual and multilingual topic analysis using LDA and BERT embeddings,2020,https://doi.org/10.1016/j.joi.2020.101055,https://openalex.org/W3038046198,True
Journal of Informetrics,Utilizing citation network structure to predict paper citation counts: A Deep learning approach,2021,https://doi.org/10.1016/j.joi.2021.101235,https://openalex.org/W4200470955,True
Journal of Informetrics,An effective framework for measuring the novelty of scientific articles through integrated topic modeling and cloud model,2024,https://doi.org/10.1016/j.joi.2024.101587,https://openalex.org/W4402483649,True
Journal of Informetrics,Preprints as accelerator of scholarly communication: An empirical analysis in Mathematics,2020,https://doi.org/10.1016/j.joi.2020.101097,https://openalex.org/W3092114553,True
Journal of Informetrics,Influence of interdisciplinarity of scientific papers on the durability of citation diffusion: A perspective from citation discontinuance,2024,https://doi.org/10.1016/j.joi.2024.101525,https://openalex.org/W4393246164,True
Journal of Informetrics,The disruption index suffers from citation inflation: Re-analysis of temporal CD trend and relationship with team size reveal discrepancies,2024,https://doi.org/10.1016/j.joi.2024.101605,https://openalex.org/W4404405613,True
Journal of Informetrics,Measuring knowledge exploration distance at the patent level: Application of network embedding and citation analysis,2022,https://doi.org/10.1016/j.joi.2022.101286,https://openalex.org/W4226399706,True
Journal of Informetrics,Detecting emerging technologies and their evolution using deep learning and weak signal analysis,2022,https://doi.org/10.1016/j.joi.2022.101344,https://openalex.org/W4308297793,True
Journal of Informetrics,Evaluation and identification of potential high-value patents in the field of integrated circuits using a multidimensional patent indicators pre-screening strategy and machine learning approaches,2023,https://doi.org/10.1016/j.joi.2023.101406,https://openalex.org/W4366384287,True
Journal of Informetrics,Deep learning for predicting patent application outcome: The fusion of text and network embeddings,2023,https://doi.org/10.1016/j.joi.2023.101402,https://openalex.org/W4361294261,True
Journal of Informetrics,Study on the predictability of new topics of scholars: A machine learning-based approach using knowledge networks,2025,https://doi.org/10.1016/j.joi.2025.101637,https://openalex.org/W4406289912,True
Journal of Informetrics,Measuring knowledge complexity in the biomedical domain based on a question-method knowledge representation model,2025,https://doi.org/10.1016/j.joi.2025.101667,https://openalex.org/W4409735044,True
Journal of Informetrics,"Great minds think alike, or do they often differ? Research topic overlap and the formation of scientific teams",2020,https://doi.org/10.1016/j.joi.2020.101104,https://openalex.org/W3111238755,True
Journal of Informetrics,Textual features of peer review predict top-cited papers: An interpretable machine learning perspective,2024,https://doi.org/10.1016/j.joi.2024.101501,https://openalex.org/W4391242046,True
Journal of Informetrics,Early identification of breakthrough research from sleeping beauties using machine learning,2024,https://doi.org/10.1016/j.joi.2024.101517,https://openalex.org/W4392180692,True
Journal of Informetrics,How do network embeddedness and knowledge stock influence collaboration dynamics? Evidence from patents,2024,https://doi.org/10.1016/j.joi.2024.101553,https://openalex.org/W4399779903,True
Journal of Informetrics,How do intra- and inter-organisational collaboration affect research performance? Evidence from German universities,2025,https://doi.org/10.1016/j.joi.2025.101675,https://openalex.org/W4409840851,True
Journal of Informetrics,Quantifying cross-disciplinary knowledge flow from the perspective of content: Introducing an approach based on knowledge memes,2020,https://doi.org/10.1016/j.joi.2020.101092,https://openalex.org/W3088159905,True
Journal of Informetrics,Using graph embedding and machine learning to identify rebels on twitter,2020,https://doi.org/10.1016/j.joi.2020.101121,https://openalex.org/W3113207888,True
Journal of Informetrics,Multidimensional indicators to identify emerging technologies: Perspective of technological knowledge flow,2023,https://doi.org/10.1016/j.joi.2023.101483,https://openalex.org/W4390246545,True
Journal of Informetrics,Influence of interdisciplinarity on scientific impact: The case of climate change field,2023,https://doi.org/10.1016/j.joi.2023.101410,https://openalex.org/W4367400101,True
Journal of Informetrics,"Heterogeneity of national accounting systems, world-class universities and financial resources: What are the links?",2024,https://doi.org/10.1016/j.joi.2024.101502,https://openalex.org/W4391053205,True
Journal of Informetrics,Paper-patent citation linkages as early signs for predicting delayed recognized knowledge: Macro and micro evidence,2020,https://doi.org/10.1016/j.joi.2020.101017,https://openalex.org/W3003916599,True
Journal of Informetrics,Evaluating the influence of country characteristics on the Higher Education System Rankings’ progress,2020,https://doi.org/10.1016/j.joi.2020.101051,https://openalex.org/W3040048326,True
Journal of Informetrics,Application of machine learning techniques to assess the trends and alignment of the funded research output,2020,https://doi.org/10.1016/j.joi.2020.101018,https://openalex.org/W3004625518,True
Journal of Informetrics,Early identification of breakthrough technologies: Insights from science-driven innovations,2024,https://doi.org/10.1016/j.joi.2024.101606,https://openalex.org/W4404515110,True
Journal of Informetrics,Citation counts and inclusion of references in seven free-access scholarly databases: A comparative analysis,2024,https://doi.org/10.1016/j.joi.2024.101618,https://openalex.org/W4404730721,True
Journal of Informetrics,Measuring engagement on twitter using a composite index: An application to social media influencers,2022,https://doi.org/10.1016/j.joi.2022.101323,https://openalex.org/W4293109801,True
Journal of Informetrics,Efficiency of universities and research-focused institutions worldwide: The introduction of a new input indicator reflecting institutional staff numbers,2023,https://doi.org/10.1016/j.joi.2023.101400,https://openalex.org/W4360945178,True
Journal of Informetrics,Earlier recognition of scientific excellence enhances future achievements and promotes persistence,2023,https://doi.org/10.1016/j.joi.2023.101408,https://openalex.org/W4365816659,True
Journal of Informetrics,A multiple k-means cluster ensemble framework for clustering citation trajectories,2024,https://doi.org/10.1016/j.joi.2024.101507,https://openalex.org/W4391798309,True
Journal of Informetrics,A supervised machine learning approach to author disambiguation in the Web of Science,2021,https://doi.org/10.1016/j.joi.2021.101166,https://openalex.org/W3162023868,True
Journal of Informetrics,Citation bias in measuring knowledge flow: Evidence from the web of science at the discipline level,2022,https://doi.org/10.1016/j.joi.2022.101338,https://openalex.org/W4303453672,True
Journal of Informetrics,Assessing academic impacts of machine learning applications on a social science: Bibliometric evidence from economics,2023,https://doi.org/10.1016/j.joi.2023.101436,https://openalex.org/W4385387205,True
Journal of Informetrics,"Predicting future influence of papers, researchers, and venues in a dynamic academic network",2020,https://doi.org/10.1016/j.joi.2020.101035,https://openalex.org/W3022312705,True
Journal of Informetrics,Early-stage reciprocity in sustainable scientific collaboration,2020,https://doi.org/10.1016/j.joi.2020.101041,https://openalex.org/W3032915873,True
Journal of Informetrics,An automated conflict of interest based greedy approach for conference paper assignment system,2020,https://doi.org/10.1016/j.joi.2020.101022,https://openalex.org/W3014155038,True
Journal of Informetrics,Influence difference main path analysis: Evidence from DNA and blockchain domain citation networks,2021,https://doi.org/10.1016/j.joi.2021.101186,https://openalex.org/W3180846255,True
Journal of Informetrics,"A network embedding-based scholar assessment indicator considering four facets: Research topic, author credit allocation, field-normalized journal impact, and published time",2021,https://doi.org/10.1016/j.joi.2021.101201,https://openalex.org/W3188971933,True
Journal of Informetrics,Similarity network fusion for scholarly journals,2021,https://doi.org/10.1016/j.joi.2021.101226,https://openalex.org/W4205862653,True
Journal of Informetrics,On predicting research grants productivity via machine learning,2022,https://doi.org/10.1016/j.joi.2022.101260,https://openalex.org/W4210925699,True
Journal of Informetrics,Exploring motivations for algorithm mention in the domain of natural language processing: A deep learning approach,2024,https://doi.org/10.1016/j.joi.2024.101550,https://openalex.org/W4399457603,True
Journal of Informetrics,Big Tech influence over AI research revisited: Memetic analysis of attribution of ideas to affiliation,2024,https://doi.org/10.1016/j.joi.2024.101572,https://openalex.org/W4401814506,True
Journal of Informetrics,Leveraging patent classification based on deep learning: The case study on smart cities and industrial Internet of Things,2024,https://doi.org/10.1016/j.joi.2024.101616,https://openalex.org/W4404819380,True
Journal of Informetrics,"Exploring the influence of coauthorship with top scientists on researchers’ affiliation, research topic, productivity, and impact",2022,https://doi.org/10.1016/j.joi.2022.101314,https://openalex.org/W4286432915,True
Journal of Informetrics,An exploratory study of Twitter metrics for measuring user influence,2023,https://doi.org/10.1016/j.joi.2023.101454,https://openalex.org/W4386820350,True
Journal of Informetrics,Two separated worlds: On the preference of influence in life science and biomedical research,2025,https://doi.org/10.1016/j.joi.2025.101641,https://openalex.org/W4406675168,True
Journal of Informetrics,Forecasting topic trends of blockchain utilizing topic modeling and deep learning-based time-series prediction on different document types,2025,https://doi.org/10.1016/j.joi.2025.101639,https://openalex.org/W4406690245,True
Journal of Informetrics,Identifying high-impact interdisciplinary knowledge flows: An approach combining backward and forward citation analysis,2025,https://doi.org/10.1016/j.joi.2025.101677,https://openalex.org/W4410356409,True
Journal of Informetrics,"Enhancing the prediction of publications’ long-term impact using early citations, readerships, and non-scientific factors",2025,https://doi.org/10.1016/j.joi.2025.101725,https://openalex.org/W4413781108,True
Journal of Informetrics,"Patent citation inflation: The phenomenon, its measurement, and relative indicators to temper its effects",2020,https://doi.org/10.1016/j.joi.2020.101015,https://openalex.org/W3005005835,True
Journal of Informetrics,Sex differences in people and things orientation are reflected in sex differences in academic publishing,2020,https://doi.org/10.1016/j.joi.2020.101021,https://openalex.org/W3008072285,True
Journal of Informetrics,A deep learning based method benefiting from characteristics of patents for semantic relation classification,2022,https://doi.org/10.1016/j.joi.2022.101312,https://openalex.org/W4285082703,True
Journal of Informetrics,"Towards efficient navigation in digital libraries: Leveraging popularity, semantics and communities to recommend scholarly articles",2022,https://doi.org/10.1016/j.joi.2022.101336,https://openalex.org/W4297329988,True
Journal of Informetrics,Do international nonstop flights foster influential research? Evidence from Sino-US scientific collaboration,2022,https://doi.org/10.1016/j.joi.2022.101348,https://openalex.org/W4307851447,True
Journal of Informetrics,Deep representation learning of scientific paper reveals its potential scholarly impact,2023,https://doi.org/10.1016/j.joi.2023.101376,https://openalex.org/W4319261134,True
Journal of Informetrics,Researcher influence prediction (ResIP) using academic genealogy network,2023,https://doi.org/10.1016/j.joi.2023.101392,https://openalex.org/W4320738398,True
Journal of Informetrics,Predicting the evolution of scientific communities by interpretable machine learning approaches,2023,https://doi.org/10.1016/j.joi.2023.101399,https://openalex.org/W4328051159,True
Journal of Informetrics,Towards popularity prediction of information cascades via degree distribution and deep neural networks,2023,https://doi.org/10.1016/j.joi.2023.101413,https://openalex.org/W4377018683,True
Journal of Informetrics,Journal internationalization of non-English-speaking countries: Indicator framework design and influencing factor analysis,2025,https://doi.org/10.1016/j.joi.2025.101671,https://openalex.org/W4409830607,True
Journal of Informetrics,Quantifying the impact of digital technology on enterprise processes using LLM-based causal claim networks,2025,https://doi.org/10.1016/j.joi.2025.101713,https://openalex.org/W4413040352,True
Journal of Informetrics,Deep learning meets bibliometrics: A survey of citation function classification,2024,https://doi.org/10.1016/j.joi.2024.101608,https://openalex.org/W4404328226,True
Journal of Informetrics,Inter- and intra-domain knowledge flows: Examining their relationship with impact at the field level over time,2024,https://doi.org/10.1016/j.joi.2024.101614,https://openalex.org/W4404552601,True
Journal of Informetrics,Towards firm-specific technology opportunities: A rule-based machine learning approach to technology portfolio analysis,2023,https://doi.org/10.1016/j.joi.2023.101464,https://openalex.org/W4388279379,True
Journal of Informetrics,Effect of class imbalance in heterogeneous network embedding: An empirical study,2020,https://doi.org/10.1016/j.joi.2020.101009,https://openalex.org/W3005098892,True
Journal of Informetrics,The scholarly impact of private sector research: A multivariate analysis,2021,https://doi.org/10.1016/j.joi.2021.101191,https://openalex.org/W3189787157,True
Journal of Informetrics,Using the full-text content of academic articles to identify and evaluate algorithm entities in the domain of natural language processing,2020,https://doi.org/10.1016/j.joi.2020.101091,https://openalex.org/W3092095014,True
Journal of Informetrics,Developing a four-entities reinforced rank model to evaluate the topic influence in academic networks,2023,https://doi.org/10.1016/j.joi.2023.101422,https://openalex.org/W4378554307,True
Journal of Informetrics,How does duplicate tweeting boost social media exposure to scholarly articles?,2022,https://doi.org/10.1016/j.joi.2022.101249,https://openalex.org/W4205936581,True
Journal of Informetrics,The power of social cues in the battle for attention: Evidence from an online platform for scholarly commentary,2020,https://doi.org/10.1016/j.joi.2020.101077,https://openalex.org/W3046198147,True
Journal of Informetrics,"Networks and their degree distribution, leading to a new concept of small worlds",2024,https://doi.org/10.1016/j.joi.2024.101554,https://openalex.org/W4399998856,True
Journal of Informetrics,An approach for identifying complementary patents based on deep learning,2024,https://doi.org/10.1016/j.joi.2024.101561,https://openalex.org/W4400602136,True
Journal of Informetrics,A multi-entity reinforced main path analysis: Heterogeneous network embedding considering knowledge proximity,2024,https://doi.org/10.1016/j.joi.2024.101593,https://openalex.org/W4402922246,True
Journal of Informetrics,Signatures of capacity development through research collaborations in artificial intelligence and machine learning,2022,https://doi.org/10.1016/j.joi.2022.101358,https://openalex.org/W4310507657,True
Journal of Informetrics,A New Look at National Diversity of Inventor Teams within Organizations,2022,https://doi.org/10.1016/j.joi.2022.101369,https://openalex.org/W4313201501,True
Journal of Informetrics,Is it all bafflegab? – Linguistic and meta characteristics of research articles in prestigious economics journals,2022,https://doi.org/10.1016/j.joi.2022.101284,https://openalex.org/W4226083105,True
Journal of Informetrics,A sensitivity analysis of factors influential to the popularity of shared data in data repositories,2021,https://doi.org/10.1016/j.joi.2021.101142,https://openalex.org/W3134097859,True
Journal of Informetrics,The open access effect in social media exposure of scholarly articles: A matched-pair analysis,2021,https://doi.org/10.1016/j.joi.2021.101154,https://openalex.org/W3141402649,True
Journal of Informetrics,‘To tweet or not to tweet?’ A study of the use of Twitter by scholarly book publishers in Social Sciences and Humanities,2021,https://doi.org/10.1016/j.joi.2021.101170,https://openalex.org/W3172715551,True
Journal of Informetrics,"Corrigendum to [‘To tweet or not to tweet?’ A study of the use of Twitter by scholarly book publishers in Social Sciences and Humanities’, Journal of Informetrics, Volume15, (2021) 1–14/Article101170]",2022,https://doi.org/10.1016/j.joi.2022.101351,https://openalex.org/W4308738656,True
